<?xml version="1.0" encoding="UTF-8" standalone="yes"?>
<addon id="plugin.video.bslatinotv"
       name="BS Latino TV"
       version="1.2.3"
       provider-name="BS Latino TV">
  <requires>
    <import addon="xbmc.python" version="2.1.0"/>
    <import addon="script.module.beautifulsoup" version="3.2.1"/>
    <import addon="script.module.simple.downloader" version="0.9.4"/>
    <import addon="script.module.beautifulsoup4" />
	<import addon="plugin.video.SportsDevil" version="2"/>
	<import addon="plugin.video.p2p-streams" version="1.2.0b"/>
    <import addon="script.module.simple.downloader" version="0.9.4"/>
	<import addon="script.module.t0mm0.common" version="1.0.0" optional="false"/>
    <import addon="script.module.requests" />
    <import addon="script.module.httplib2" />
    <import addon="script.module.youtube.dl" optional="true"/>
    <import addon="plugin.video.youtube" />
    <import addon="script.module.urlresolver" optional="true"/>
    <import addon="script.module.simplejson" />    
	<import addon="script.common.plugin.cache" optional="false"/>	
    <import addon="script.module.m3u8" version="0.2.2" optional="false"/>
    <import addon="script.module.dateutil" version="2.4.2" optional="false"/>
    <import addon="script.module.urlresolver" optional="true"/>    
	<import addon="script.module.mctools" optional="false"/>
  </requires>
  <extension point="xbmc.python.pluginsource" library="default.py">
    <provides>video</provides>
  </extension>
  <extension point="xbmc.addon.metadata">
    <summary>based on livestreamspro 1.8.5 by Shani</summary>
    <description>BS Latino TV</description>
    <platform>all</platform>
  </extension>
</addon>
