
<?xml version="1.0" encoding="UTF-8" standalone="yes"?>
<addon id="repository.bslatinotv" name="BS Latino Tv official Repo" version="1.0.0" provider-name="BSLatino">
	<extension point="xbmc.addon.repository" name="BS Latino Tv official Repo">
		<info compressed="false">https://raw.githubusercontent.com/bslatino/repobs/master/addons.xml</info>
		<checksum>https://raw.githubusercontent.com/bslatino/repobs/master/addons.xml.md5</checksum>
		<datadir zip="true">https://raw.githubusercontent.com/bslatino/repobs/master</datadir>
	</extension>
	<extension point="xbmc.addon.metadata">
		<summary>BS Latino Tv official Repo</summary>
   		<description lang="en">Instala los Addons de BS Latino TV.</description>
		<disclaimer></disclaimer>
		<platform>all</platform>
	</extension>
</addon>